region_code,region,dwelling_type,country,growth_1Y_ann,growth_3Y_ann,growth_5Y_ann,latest_index,latest_period,n_obs,avg_monthly_rent,avg_price_sqm,estimated_price,gross_yield_pct,permits_per_1000_stock,permits_rolling3y,completion_ratio,permit_momentum_yoy,volatility_qoq,national_avg_psqm,national_avg_yield,yield_premium,price_vs_national,supply_tightening,index_gap,_y1,_y2,_y3,_y4,_g1,_g2,_g3,_g4,_g5,_r1,_r2_raw,_r2,yield_score_raw,growth_score_raw,risk_score,composite_raw,risk_adjustment,composite_adj,yield_score,growth_score,composite_score,yield_pct_rank,growth_pct_rank,composite_pct_rank
03,Oslo,All dwelling types,NO,3.8153265876037956,0.7122090950393067,4.915409210621258,146.79534229276376,2024Q4,60,16504.666666666668,74725.91666666667,5230814.166666667,3.79,9.99,3293.0,0.801,17.75,1.4551978148454041,35871.33333333333,5.595,-1.8049999999999997,2.083165294478414,-17.75,14.130333382911886,0.0,0.0,0.2931726907630522,0.0,0.6015704712724261,0.5083335749967952,0.2931726907630522,0.6150310894836442,0.36357037677796045,0.4103846603561819,0.0,0.5,0.05863453815261044,0.49412774347331884,0.4462307962137091,0.2763811408129646,0.8884423009465727,0.245548696682109,5.9,49.4,24.6,6.2,35.0,12.5
03,Oslo,Apartments,NO,4.166817245491683,1.32494034345767,4.874326402548701,147.81585838416152,2024Q4,60,16504.666666666668,74725.91666666667,5230814.166666667,3.79,9.99,3293.0,0.801,17.75,1.4561017633805977,35871.33333333333,5.595,-1.8049999999999997,2.083165294478414,-17.75,13.109817291514133,0.0,0.0,0.2931726907630522,0.0,0.6490700412725066,0.654777986587159,0.2931726907630522,0.6150310894836442,0.3373127217175253,0.41233212126248625,0.0,0.5,0.05863453815261044,0.5447379303648944,0.44739927275749175,0.3016862342587524,0.8881501818106271,0.2679426838066744,5.9,54.5,26.8,6.2,47.5,18.8
03,Oslo,Detached houses,NO,3.893653516295026,-0.11256324031450049,3.901729636822404,124.2465520722823,2024Q4,60,16504.666666666668,74725.91666666667,5230814.166666667,3.79,9.99,3293.0,0.801,17.75,1.4077718416949276,35871.33333333333,5.595,-1.8049999999999997,2.083165294478414,-17.75,36.67912360339335,0.0,0.0,0.2931726907630522,0.0,0.6121553768702502,0.31121077497855687,0.2931726907630522,0.6150310894836442,0.943745800399723,0.30821044903981126,0.0,0.5,0.05863453815261044,0.506569302790174,0.38492626942388675,0.2826019204713922,0.9037684326440283,0.2554066947266225,5.9,50.7,25.5,6.2,42.5,15.0
03,Oslo,Semi-detached / terraced,NO,3.4266111625038675,0.5615342883305008,4.3330463158097965,137.6055692486194,2024Q4,60,16504.666666666668,74725.91666666667,5230814.166666667,3.79,9.99,3293.0,0.801,17.75,1.522505669435914,35871.33333333333,5.595,-1.8049999999999997,2.083165294478414,-17.75,23.32010642705626,0.0,0.0,0.2931726907630522,0.0,0.5490404391640497,0.4723218921147481,0.2931726907630522,0.6150310894836442,0.6000212203372507,0.5553922690848857,0.0,0.5,0.05863453815261044,0.49038439587080435,0.5332353614509314,0.2745094670117074,0.8666911596372672,0.23791492829578484,5.9,49.0,23.8,6.2,32.5,10.0
11,Rogaland,All dwelling types,NO,3.4548854604955492,2.0010613739793293,5.5607418526042895,149.52027027027026,2024Q4,60,12403.666666666666,38320.45,2682431.5,5.55,8.4,1437.0,0.877,3.51,1.4364785481066902,35871.33333333333,5.595,-0.04499999999999993,1.0682750385637556,-3.51,11.40540540540539,0.39461883408071746,0.39461883408071746,0.506024096385542,0.6634892410294326,0.5528613572070191,0.8163727260984848,0.506024096385542,1.0,0.293458577952823,0.3700559925736495,0.0,0.5,0.4572304475839897,0.6281453336194686,0.42203359554418973,0.5426878906017292,0.8944916011139525,0.48542976016949424,45.7,62.8,48.5,46.2,70.0,47.5
11,Rogaland,Apartments,NO,6.378132118451019,2.7693677064603683,6.120058606161494,160.92567567567565,2024Q4,60,12403.666666666666,38320.45,2682431.5,5.55,8.4,1437.0,0.877,3.51,1.5628785465098736,35871.33333333333,5.595,-0.04499999999999993,1.0682750385637556,-3.51,0.0,0.39461883408071746,0.39461883408071746,0.506024096385542,0.6634892410294326,0.947901612590837,1.0,0.506024096385542,1.0,0.0,0.6423713356085454,0.0,0.5,0.4572304475839897,0.7829703836839014,0.5854228013651273,0.6201004156339456,0.8536442996587181,0.5293451850219195,45.7,78.3,52.9,46.2,95.0,57.5
11,Rogaland,Detached houses,NO,-0.1004440685134389,-0.5719691948144368,3.265812832224202,127.68243243243242,2024Q4,60,12403.666666666666,38320.45,2682431.5,5.55,8.4,1437.0,0.877,3.51,1.3966197683921513,35871.33333333333,5.595,-0.04499999999999993,1.0682750385637556,-3.51,33.24324324324323,0.39461883408071746,0.39461883408071746,0.506024096385542,0.6634892410294326,0.07240300064272848,0.20141151982139754,0.506024096385542,1.0,0.855341352800883,0.28418449409233587,0.0,0.5,0.4572304475839897,0.36243288473750107,0.3705106964554015,0.4098316661607454,0.9073723258861496,0.3718699121460715,45.7,36.2,37.2,46.2,10.0,37.5
11,Rogaland,Semi-detached / terraced,NO,2.0649736663711504,-0.7795921378598414,3.2889466705891657,132.25,2024Q4,60,12403.666666666666,38320.45,2682431.5,5.55,8.4,1437.0,0.877,3.51,1.4124870065760562,35871.33333333333,5.595,-0.04499999999999993,1.0682750385637556,-3.51,28.67567567567565,0.39461883408071746,0.39461883408071746,0.506024096385542,0.6634892410294326,0.36503214730520883,0.1517890796317898,0.506024096385542,1.0,0.7378188417249889,0.31836876991237134,0.0,0.5,0.4572304475839897,0.44069522491437785,0.3910212619474228,0.44896283624918376,0.9022446845131443,0.40507433254977127,45.7,44.1,40.5,46.2,22.5,40.0
15,Møre og Romsdal,All dwelling types,NO,4.136298511181713,0.7776267549002513,4.731451521796326,141.66949152542372,2024Q4,60,9803.0,20373.116666666665,1426118.1666666665,8.25,4.71,554.0,0.863,19.62,1.4043096569122084,35871.33333333333,5.595,2.6550000000000002,0.5679498020703626,-19.62,19.256184150251926,1.0,1.0,1.0,0.9905791992729445,0.6449458157087857,0.5239685711401835,1.0,0.5644768856447688,0.4954573920583725,0.30075154042694036,0.0,0.5,0.9985868798909417,0.662716606053435,0.3804509242561642,0.8306517429721884,0.9048872689359589,0.7516461871349976,99.9,66.3,75.2,96.2,72.5,92.5
15,Møre og Romsdal,Apartments,NO,6.7636534287558,1.8384781444721776,4.843391035835665,154.23728813559322,2024Q4,60,9803.0,20373.116666666665,1426118.1666666665,8.25,4.71,554.0,0.863,19.62,1.4945189225186948,35871.33333333333,5.595,2.6550000000000002,0.5679498020703626,-19.62,6.688387540082431,1.0,1.0,1.0,0.9905791992729445,1.0,0.7775148982317082,1.0,0.5644768856447688,0.17209074351532935,0.4950978016523494,0.0,0.5,0.9985868798909417,0.8180354874739368,0.49705868099140965,0.9083111836824393,0.8757353297521476,0.7954401939597046,99.9,81.8,79.5,96.2,100.0,100.0
15,Møre og Romsdal,Detached houses,NO,3.4072541540053125,0.05006885302711872,4.319211987120264,135.54237288135593,2024Q4,60,9803.0,20373.116666666665,1426118.1666666665,8.25,4.71,554.0,0.863,19.62,1.4325475769901534,35871.33333333333,5.595,2.6550000000000002,0.5679498020703626,-19.62,25.383302794319718,1.0,1.0,1.0,0.9905791992729445,0.5464245813609028,0.3500802814328139,1.0,0.5644768856447688,0.6531068100601392,0.3615871337003648,0.0,0.5,0.9985868798909417,0.6005270434050102,0.4169522802202189,0.799556961647976,0.8957619299449453,0.7162126870667076,99.9,60.1,71.6,96.2,58.8,90.0
15,Møre og Romsdal,Semi-detached / terraced,NO,2.3826127382612805,1.8180439626776623,6.171838248865136,149.3050847457627,2024Q4,60,9803.0,20373.116666666665,1426118.1666666665,8.25,4.71,554.0,0.863,19.62,1.5599600040712607,35871.33333333333,5.595,2.6550000000000002,0.5679498020703626,-19.62,11.620590929912936,1.0,1.0,1.0,0.9905791992729445,0.4079570984850444,0.7726310739825732,1.0,0.5644768856447688,0.29899525427193824,0.6360836465628725,0.0,0.5,0.9985868798909417,0.6222899669570796,0.5816501879377235,0.8104384234240107,0.8545874530155692,0.6925905080998788,99.9,62.2,69.3,96.2,65.0,85.0
18,Nordland,All dwelling types,NO,2.9377126406699983,-0.6503602980404088,4.233801100046519,143.02889805565974,2024Q4,60,9502.666666666666,21556.916666666668,1508984.1666666667,7.56,5.15,503.0,0.753,19.54,1.7288782368109072,35871.33333333333,5.595,1.9649999999999999,0.6009510844313938,-19.54,17.89677762001591,0.8452914798206277,0.8452914798206277,0.9410977242302543,0.9690044569211371,0.48297191347313106,0.18267583592167805,0.9410977242302543,0.566639632333063,0.46048016038243605,1.0,0.0,0.5,0.8830096752676294,0.5056406528136161,0.8,0.6943251640406227,0.8,0.5554601312324982,88.3,50.6,55.5,76.2,40.0,65.0
18,Nordland,Apartments,NO,3.9622641509434064,0.032285405205323414,4.129779795369903,150.27443493676066,2024Q4,60,9502.666666666666,21556.916666666668,1508984.1666666667,7.56,5.15,503.0,0.753,19.54,1.4539009284201874,35871.33333333333,5.595,1.9649999999999999,0.6009510844313938,-19.54,10.651240738914993,0.8452914798206277,0.8452914798206277,0.9410977242302543,0.9690044569211371,0.621427246748141,0.3458299897118789,0.9410977242302543,0.566639632333063,0.27405408659948205,0.40759065658860505,0.0,0.5,0.8830096752676294,0.5762459505291244,0.44455439395316304,0.7296278128983769,0.8888614015117092,0.6485380003547744,88.3,57.6,64.9,76.2,50.0,80.0
18,Nordland,Detached houses,NO,4.609637654090415,1.0302489153568795,3.500541299343407,127.29235559494995,2024Q4,60,9502.666666666666,21556.916666666668,1508984.1666666667,7.56,5.15,503.0,0.753,19.54,1.269210217385494,35871.33333333333,5.595,1.9649999999999999,0.6009510844313938,-19.54,33.633320080725696,0.8452914798206277,0.8452914798206277,0.9410977242302543,0.9690044569211371,0.7089116857762098,0.5843459449696601,0.9410977242302543,0.566639632333063,0.8653779442196928,0.009694177426112437,0.0,0.5,0.8830096752676294,0.7256268787654149,0.2058165064556675,0.8043182770165221,0.9485458733860831,0.7629327825530265,88.3,72.6,76.3,76.2,86.2,97.5
18,Nordland,Semi-detached / terraced,NO,1.2578616352201477,-1.2374486598002998,2.870582359230589,125.87415766088253,2024Q4,60,9502.666666666666,21556.916666666668,1508984.1666666667,7.56,5.15,503.0,0.753,19.54,1.580418706283228,35871.33333333333,5.595,1.9649999999999999,0.6009510844313938,-19.54,35.05151801479312,0.8452914798206277,0.8452914798206277,0.9410977242302543,0.9690044569211371,0.25596104239466966,0.042360143011603096,0.9410977242302543,0.566639632333063,0.9018678658133448,0.6801597429337752,0.0,0.5,0.8830096752676294,0.4352466952517268,0.6080958457602652,0.6591281852596781,0.8479760385599338,0.5589249074396999,88.3,43.5,55.9,76.2,17.5,70.0
32,Akershus,All dwelling types,NO,3.7475923289506774,2.3547457751422085,5.613596060841042,145.74759466027447,2024Q4,60,15004.333333333334,55429.61666666667,3880073.166666667,4.64,9.53,2419.0,0.822,20.04,1.5356292414988815,35871.33333333333,5.595,-0.9550000000000001,1.545234356124668,-20.04,15.178081015401176,0.19058295964125552,0.19058295964125552,0.35475234270415,0.35167486133061254,0.5924170326586363,0.9009042464847654,0.35475234270415,0.5531224655312247,0.390528693414213,0.583665608272524,0.0,0.5,0.24758062150723797,0.5978876074870878,0.5501993649635144,0.4227341144971629,0.8624501587591213,0.36458710416097473,24.8,59.8,36.5,26.2,55.0,35.0
32,Akershus,Apartments,NO,4.195257534960484,-0.8468500987189431,3.346587233017817,141.12993062474493,2024Q4,60,15004.333333333334,55429.61666666667,3880073.166666667,4.64,9.53,2419.0,0.822,20.04,1.5660647451743799,35871.33333333333,5.595,-0.9550000000000001,1.545234356124668,-20.04,19.79574505093072,0.19058295964125552,0.19058295964125552,0.35475234270415,0.35167486133061254,0.6529133909892912,0.13571424661453563,0.35475234270415,0.5531224655312247,0.5093401756161671,0.6492356615046169,0.0,0.5,0.24758062150723797,0.4396449811554551,0.5895413969027701,0.34361280133134653,0.8526146507743075,0.2929693086087075,24.8,44.0,29.3,26.2,20.0,22.5
32,Akershus,Detached houses,NO,5.603370987986378,1.8933640129363827,4.986704701852895,138.57698006242668,2024Q4,60,15004.333333333334,55429.61666666667,3880073.166666667,4.64,9.53,2419.0,0.822,20.04,1.2647104929207444,35871.33333333333,5.595,-0.9550000000000001,1.545234356124668,-20.04,22.348695613248964,0.19058295964125552,0.19058295964125552,0.35475234270415,0.35167486133061254,0.8432023276340663,0.7906327679871912,0.35475234270415,0.5531224655312247,0.5750270332921519,0.0,0.0,0.5,0.24758062150723797,0.6765444250918886,0.2,0.4620625232995633,0.95,0.43895939713458515,24.8,67.7,43.9,26.2,80.0,45.0
32,Akershus,Semi-detached / terraced,NO,3.604046361141844,1.2508218421056538,4.883696785407188,148.80642943540232,2024Q4,60,15004.333333333334,55429.61666666667,3880073.166666667,4.64,9.53,2419.0,0.822,20.04,1.5168735682111034,35871.33333333333,5.595,-0.9550000000000001,1.545234356124668,-20.04,12.119246240273327,0.19058295964125552,0.19058295964125552,0.35475234270415,0.35167486133061254,0.5730185889357314,0.6370634659935488,0.35475234270415,0.5531224655312247,0.31182554596833256,0.5432585064550047,0.0,0.5,0.24758062150723797,0.517267642316679,0.5259551038730028,0.38242413191195845,0.8685112240317493,0.3321396509061342,24.8,51.7,33.2,26.2,45.0,25.0
34,Innlandet,All dwelling types,NO,-0.09963703650986977,-1.4146857631407994,2.7423941174316235,122.06020619453155,2024Q4,60,9002.666666666666,19856.2,1389934.0,7.77,5.07,602.0,0.894,14.95,1.5858881144495192,35871.33333333333,5.595,2.175,0.5535395022952405,-14.95,38.8654694811441,0.8923766816143497,0.8923766816143497,0.9518072289156626,1.0,0.07251206093291139,0.0,0.9518072289156626,0.6907272235739389,1.0,0.6919430006854931,0.0,0.5,0.9204062888324598,0.38481338946704535,0.6151658004112959,0.6526098391497526,0.8462085498971761,0.5522440256355414,92.0,38.5,55.2,86.2,15.0,62.5
34,Innlandet,Apartments,NO,3.9367290326388638,1.5195799148302935,4.949688749675407,153.12960255650785,2024Q4,60,9002.666666666666,19856.2,1389934.0,7.77,5.07,602.0,0.894,14.95,1.4238076600374272,35871.33333333333,5.595,2.175,0.5535395022952405,-14.95,7.796073119167801,0.8923766816143497,0.8923766816143497,0.9518072289156626,1.0,0.617976494609648,0.7012973661282568,0.9518072289156626,0.6907272235739389,0.20059125036300227,0.3427579128685218,0.0,0.5,0.9204062888324598,0.6711094078222677,0.4056547477211131,0.7957578483273637,0.8985863130697217,0.7150571110247805,92.0,67.1,71.5,86.2,75.0,87.5
34,Innlandet,Detached houses,NO,4.38748335552599,1.3517214199372463,4.768894094207132,136.33838946527464,2024Q4,60,9002.666666666666,19856.2,1389934.0,7.77,5.07,602.0,0.894,14.95,1.341339494248808,35871.33333333333,5.595,2.175,0.5535395022952405,-14.95,24.587286210401004,0.8923766816143497,0.8923766816143497,0.9518072289156626,1.0,0.6788903084830316,0.6611787356870813,0.9518072289156626,0.6907272235739389,0.632625478056549,0.16508902726811714,0.0,0.5,0.9204062888324598,0.7256030078370127,0.2990534163608703,0.8230046483347362,0.9252366459097824,0.7614740603933913,92.0,72.6,76.1,86.2,86.2,95.0
34,Innlandet,Semi-detached / terraced,NO,5.769965609476491,0.9448412401670714,4.588211727894453,144.4166064314868,2024Q4,60,9002.666666666666,19856.2,1389934.0,7.77,5.07,602.0,0.894,14.95,1.6415302782991614,35871.33333333333,5.595,2.175,0.5535395022952405,-14.95,16.50906924418885,0.8923766816143497,0.8923766816143497,0.9518072289156626,1.0,0.8657155088738093,0.5639332815535901,0.9518072289156626,0.6907272235739389,0.4247747284308082,0.8118181203637985,0.0,0.5,0.9204062888324598,0.745895389477838,0.6870908722182791,0.8331508391551489,0.8282272819454302,0.6900382549640233,92.0,74.6,69.0,86.2,92.5,82.5
42,Agder,All dwelling types,NO,4.403680342572769,0.46619851176727956,4.98868258629892,133.64444444444445,2024Q4,60,11003.333333333334,33422.21666666667,2339555.1666666665,5.64,6.27,915.0,0.86,4.6,1.671452554593359,35871.33333333333,5.595,0.04499999999999993,0.9317249614362445,-4.6,27.281231231231203,0.4147982062780268,0.4147982062780268,0.7911646586345382,0.7527594911947483,0.6810791288762731,0.4495363858453197,0.7911646586345382,0.9705325763719923,0.7019400922061912,0.8762824798288071,0.0,0.5,0.5407656894868373,0.6762419901527515,0.7257694878972842,0.6085038398197944,0.818557628025679,0.4980954597674086,54.1,67.6,49.8,56.2,77.5,50.0
42,Agder,Apartments,NO,4.209503350212285,1.8479330245709802,5.135442600040241,150.9185185185185,2024Q4,60,11003.333333333334,33422.21666666667,2339555.1666666665,5.64,6.27,915.0,0.86,4.6,1.4446498304633804,35871.33333333333,5.595,0.04499999999999993,0.9317249614362445,-4.6,10.007157157157138,0.4147982062780268,0.4147982062780268,0.7911646586345382,0.7527594911947483,0.6548385348973178,0.7797746399313533,0.7911646586345382,0.9705325763719923,0.25748195739696883,0.3876601506915901,0.0,0.5,0.5407656894868373,0.7051715323007034,0.43259609041495406,0.6229686108937704,0.8918509773962615,0.5555951645128004,54.1,70.5,55.6,56.2,82.5,67.5
42,Agder,Detached houses,NO,3.1192249537996153,0.24009696002242897,3.890356468914047,136.39999999999998,2024Q4,60,11003.333333333334,33422.21666666667,2339555.1666666665,5.64,6.27,915.0,0.86,4.6,1.4224760909276644,35871.33333333333,5.595,0.04499999999999993,0.9317249614362445,-4.6,24.52567567567567,0.4147982062780268,0.4147982062780268,0.7911646586345382,0.7527594911947483,0.5075010343185755,0.39549750862074085,0.7911646586345382,0.9705325763719923,0.6310402525196435,0.3398891889485806,0.0,0.5,0.5407656894868373,0.5948899537827579,0.4039335133691484,0.5678278216347976,0.8990166216577129,0.5104866498893741,54.1,59.5,51.0,56.2,52.5,52.5
42,Agder,Semi-detached / terraced,NO,6.0073298985499735,1.979885033278661,5.5284197831157345,147.83703703703705,2024Q4,60,11003.333333333334,33422.21666666667,2339555.1666666665,5.64,6.27,915.0,0.86,4.6,1.5649305155287503,35871.33333333333,5.595,0.04499999999999993,0.9317249614362445,-4.6,13.0886386386386,0.4147982062780268,0.4147982062780268,0.7911646586345382,0.7527594911947483,0.8977923263121876,0.8113115238804628,0.7911646586345382,0.9705325763719923,0.3367677996270869,0.6467920844561049,0.0,0.5,0.5407656894868373,0.806018164506197,0.588075250673663,0.6733919269965172,0.8529811873315842,0.5743906454289928,54.1,80.6,57.4,56.2,97.5,75.0
46,Vestland,All dwelling types,NO,3.0637643118975433,0.1939527031568966,4.085291429910387,142.3375,2024Q4,60,13204.0,53077.183333333334,3715402.8333333335,4.26,12.18,2204.0,0.758,40.5,1.4742362813567231,35871.33333333333,5.595,-1.335,1.4796545988440168,-40.5,18.588175675675643,0.10538116591928245,0.10538116591928245,0.0,0.39454793369627383,0.5000062216310727,0.3844689074805334,0.0,0.0,0.47826968061440367,0.4514010100744082,0.0,0.5,0.12767994790197468,0.31894637250244917,0.4708406060446449,0.22331316020221192,0.8822898484888387,0.19702693428037332,12.8,31.9,19.7,16.2,5.0,7.5
46,Vestland,Apartments,NO,4.121437529732308,-0.2205443560087228,4.666099105605581,150.475,2024Q4,60,13204.0,53077.183333333334,3715402.8333333335,4.26,12.18,2204.0,0.758,40.5,1.6381566168115964,35871.33333333333,5.595,-1.335,1.4796545988440168,-40.5,10.450675675675654,0.10538116591928245,0.10538116591928245,0.0,0.39454793369627383,0.6429375397765956,0.28540299874463715,0.0,0.0,0.26889359154006576,0.8045499257682617,0.0,0.5,0.12767994790197468,0.3232682477619743,0.6827299554609569,0.2254740978319745,0.8293175111347608,0.18698961763936867,12.8,32.3,18.7,16.2,7.5,5.0
46,Vestland,Detached houses,NO,5.263919714368415,1.222553721353803,4.49650785704141,136.35625,2024Q4,60,13204.0,53077.183333333334,3715402.8333333335,4.26,12.18,2204.0,0.758,40.5,1.556999400061699,35871.33333333333,5.595,-1.335,1.4796545988440168,-40.5,24.56942567567566,0.10538116591928245,0.10538116591928245,0.0,0.39454793369627383,0.7973297299675423,0.630307309324608,0.0,0.0,0.6321659304178923,0.6297053403394604,0.0,0.5,0.12767994790197468,0.499858825861581,0.5778232042036762,0.3137693868817778,0.855544198949081,0.26844357875451486,12.8,50.0,26.8,16.2,37.5,18.8
46,Vestland,Semi-detached / terraced,NO,-0.6362168834868509,-0.7530406230257913,3.8702435042301087,130.8,2024Q4,60,13204.0,53077.183333333334,3715402.8333333335,4.26,12.18,2204.0,0.758,40.5,1.4932643040679692,35871.33333333333,5.595,-1.335,1.4796545988440168,-40.5,30.125675675675637,0.10538116591928245,0.10538116591928245,0.0,0.39454793369627383,0.0,0.1581349628827945,0.0,0.0,0.7751270234955312,0.4923948597369747,0.0,0.5,0.12767994790197468,0.11704644307025175,0.49543691584218486,0.12236319548611321,0.8761407710394538,0.10720738444005463,12.8,11.7,10.7,16.2,2.5,2.5
50,Trøndelag,All dwelling types,NO,5.374748731693324,2.240574249646299,5.7053086180893775,142.04401577406634,2024Q4,60,12803.666666666666,42559.63333333333,2979174.333333333,5.16,10.2,1633.0,0.76,33.33,1.4123419284863254,35871.33333333333,5.595,-0.4349999999999996,1.1864525061794935,-33.33,18.88165990160931,0.30717488789237674,0.30717488789237674,0.2650602409638555,0.5862301700725628,0.8123068866808902,0.8736169457068447,0.2650602409638555,0.19383617193836175,0.4858209653371073,0.3180562146095947,0.0,0.5,0.3406102508337004,0.6236894086853407,0.39083372876575684,0.4821498297595206,0.9022915678085608,0.4350397258123485,34.1,62.4,43.5,36.2,67.5,42.5
50,Trøndelag,Apartments,NO,3.817283046503128,-0.3849893744624744,3.182790706690364,146.33430375561488,2024Q4,60,12803.666666666666,42559.63333333333,2979174.333333333,5.16,10.2,1633.0,0.76,33.33,1.3229474462535074,35871.33333333333,5.595,-0.4349999999999996,1.1864525061794935,-33.33,14.591371920060766,0.30717488789237674,0.30717488789237674,0.2650602409638555,0.5862301700725628,0.6018348622437241,0.24610019832669056,0.2650602409638555,0.19383617193836175,0.37543279715532285,0.12546531744037703,0.0,0.5,0.3406102508337004,0.38210619646911564,0.2752791904642262,0.361358223651408,0.9311802023839435,0.33648962383282044,34.1,38.2,33.6,36.2,12.5,27.5
50,Trøndelag,Detached houses,NO,3.903240716963685,0.2533668735950956,4.046854981794423,130.52152805219313,2024Q4,60,12803.666666666666,42559.63333333333,2979174.333333333,5.16,10.2,1633.0,0.76,33.33,1.5161152300667113,35871.33333333333,5.595,-0.4349999999999996,1.1864525061794935,-33.33,30.404147623482515,0.30717488789237674,0.30717488789237674,0.2650602409638555,0.5862301700725628,0.613450967233881,0.39866905355176957,0.2650602409638555,0.19383617193836175,0.7822920455967561,0.5416247476374779,0.0,0.5,0.3406102508337004,0.46499997186608366,0.5249748485824868,0.40280511134989205,0.8687562878543783,0.3499394732651017,34.1,46.5,35.0,36.2,27.5,30.0
50,Trøndelag,Semi-detached / terraced,NO,3.155118676576363,0.9007220291554097,4.353076292383906,138.79242909331376,2024Q4,60,12803.666666666666,42559.63333333333,2979174.333333333,5.16,10.2,1633.0,0.76,33.33,1.4197588593029506,35871.33333333333,5.595,-0.4349999999999996,1.1864525061794935,-33.33,22.133246582361892,0.30717488789237674,0.30717488789237674,0.2650602409638555,0.5862301700725628,0.512351622404878,0.5533886718032116,0.2650602409638555,0.19383617193836175,0.5694835770117228,0.33403520262471253,0.0,0.5,0.3406102508337004,0.4470142588802898,0.40042112157482757,0.3938122548569951,0.8998947196062931,0.3543895686620577,34.1,44.7,35.4,36.2,25.0,32.5
55,Troms,All dwelling types,NO,4.504091653027809,0.504110942428504,3.6600162284871507,133.02638569151762,2024Q4,60,10203.0,26858.783333333333,1880114.8333333333,6.51,6.84,527.0,0.761,28.36,1.474310694600224,35871.33333333333,5.595,0.915,0.7487534149831807,-28.36,27.89928998415803,0.6098654708520179,0.6098654708520179,0.714859437751004,0.8723779935684013,0.6946484626913422,0.4585975584466436,0.714859437751004,0.32819680994863476,0.7178426082745146,0.4515613254872743,0.0,0.5,0.6702411426392727,0.6053521809261464,0.4709367952923646,0.6377966617827096,0.8822658011769089,0.5627061827956802,67.0,60.5,56.3,66.2,62.5,72.5
55,Troms,Apartments,NO,1.9187102633968944,1.2797000999647423,4.083190312114993,149.6182251898457,2024Q4,60,10203.0,26858.783333333333,1880114.8333333333,6.51,6.84,527.0,0.761,28.36,1.4028289696855873,35871.33333333333,5.595,0.915,0.7487534149831807,-28.36,11.307450485829946,0.6098654708520179,0.6098654708520179,0.714859437751004,0.8723779935684013,0.34526647617820655,0.6439654470673809,0.714859437751004,0.32819680994863476,0.29093821937017506,0.2975615573957811,0.0,0.5,0.6702411426392727,0.4867200189112993,0.37853693443746866,0.578480580775286,0.9053657663906328,0.5237365143557151,67.0,48.7,52.4,66.2,30.0,55.0
55,Troms,Detached houses,NO,5.282185177746523,-0.2719467005621534,4.355429120513965,131.05136511838666,2024Q4,60,10203.0,26858.783333333333,1880114.8333333333,6.51,6.84,527.0,0.761,28.36,1.586619023399953,35871.33333333333,5.595,0.915,0.7487534149831807,-28.36,29.874310557288993,0.6098654708520179,0.6098654708520179,0.714859437751004,0.8723779935684013,0.7997980790881869,0.2731177005459192,0.714859437751004,0.32819680994863476,0.7686594541661913,0.6935176662240939,0.0,0.5,0.6702411426392727,0.6008662667790287,0.6161105997344564,0.6355537047091506,0.8459723500663859,0.537660861166198,67.0,60.1,53.8,66.2,58.8,60.0
55,Troms,Semi-detached / terraced,NO,5.886904378103042,1.687337539862055,4.69273096105407,136.85142553568267,2024Q4,60,10203.0,26858.783333333333,1880114.8333333333,6.51,6.84,527.0,0.761,28.36,1.4663157805592915,35871.33333333333,5.595,0.915,0.7487534149831807,-28.36,24.074250139992984,0.6098654708520179,0.6098654708520179,0.714859437751004,0.8723779935684013,0.8815183221248852,0.7413918884020728,0.714859437751004,0.32819680994863476,0.6194251725602543,0.43433713413367514,0.0,0.5,0.6702411426392727,0.7316134706453177,0.4606022804802051,0.7009273066422952,0.8848494298799487,0.6202151276697229,67.0,73.2,62.0,66.2,90.0,77.5
01,Stockholm,One/two-dwelling buildings,SE,5.287781097656863,0.9577790422844012,4.210127141890863,127.52857142857144,2024Q4,60,12502.333333333334,60091.433333333334,4206400.333333333,3.57,12.98,12507.0,0.871,20.59,1.554569563000146,21882.266666666666,5.64,-2.07,2.746124715903898,-20.59,33.39710424710421,0.0038961038961038705,0.0038961038961038705,0.3408450704225351,0.0,0.6304298204694951,0.4700822283970987,0.3408450704225351,0.7597555242125059,1.0,0.7128796068048493,0.0,0.0,0.07070148161697454,0.5823155607693556,0.4277277640829096,0.3265085211931651,0.8930680589792725,0.2915943312621726,7.1,58.2,29.2,15.9,63.6,18.2
01,Stockholm,Tenant-owned apartments,SE,5.837340728000262,1.3676052884885381,4.859128920851208,143.58095238095237,2024Q4,60,12502.333333333334,60091.433333333334,4206400.333333333,3.57,12.98,12507.0,0.871,20.59,1.5213293740160545,21882.266666666666,5.64,-2.07,2.746124715903898,-20.59,17.34472329472328,0.0038961038961038705,0.0038961038961038705,0.3408450704225351,0.0,0.7165321111988395,0.5897102111745819,0.3408450704225351,0.7597555242125059,0.4862277274364737,0.6057676355705556,0.0,0.0,0.07070148161697454,0.5909811309626444,0.36346058134233333,0.33084130628980946,0.9091348546644167,0.3007793629107717,7.1,59.1,30.1,15.9,68.2,22.7
03,Uppsala,One/two-dwelling buildings,SE,7.646613244029821,2.392726658551325,6.223866835483882,145.95036520023513,2024Q4,60,10202.0,49413.416666666664,3458939.1666666665,3.54,16.61,3027.0,1.088,28.19,1.44053419302939,21882.266666666666,5.64,-2.0999999999999996,2.2581489120566425,-28.19,14.975310475440523,0.0,0.0,0.0,0.20961379467839358,1.0,0.8889423924673747,0.0,0.40244475787494116,0.41039233501616756,0.34541619455272676,0.08800000000000008,1.0,0.031442069201759036,0.6535193074059545,0.6072497167316361,0.3424806883038568,0.848187570817091,0.2904878630642136,3.1,65.4,29.0,6.8,90.9,13.6
03,Uppsala,Tenant-owned apartments,SE,5.149163778815713,-0.22112130361786608,3.6883346689088325,150.89087235897054,2024Q4,60,10202.0,49413.416666666664,3458939.1666666665,3.54,16.61,3027.0,1.088,28.19,1.576517476607997,21882.266666666666,5.64,-2.0999999999999996,2.2581489120566425,-28.19,10.034803316705109,0.0,0.0,0.0,0.20961379467839358,0.6087119430491231,0.12596207605888615,0.0,0.40244475787494116,0.25226653435832946,0.7836037621982507,0.08800000000000008,1.0,0.031442069201759036,0.31001082830524174,0.8701622573189505,0.17072644875350038,0.7824594356702623,0.13358652074565186,3.1,31.0,13.4,6.8,18.2,4.5
04,Södermanland,One/two-dwelling buildings,SE,3.362172817873166,0.8130000365079049,4.298431322043328,127.54161775014991,2024Q4,60,7201.333333333333,21882.266666666666,1531758.6666666667,5.64,10.64,1467.0,0.847,28.23,1.4292987847072163,21882.266666666666,5.64,0.0,1.0,-28.23,33.38405792552574,0.27272727272727265,0.27272727272727265,0.5605633802816901,0.7500614268098335,0.3287350183364365,0.42782134205809924,0.5605633802816901,0.4005641748942172,0.999582439620275,0.309211625030388,0.0,0.0,0.4018946173505403,0.47413992944006483,0.18552697501823281,0.43801727339530255,0.9536182562454418,0.4177012684606114,40.2,47.4,41.8,52.3,50.0,54.5
04,Södermanland,Tenant-owned apartments,SE,2.302353934164847,1.75418772160143,4.821785733860695,147.41340720783114,2024Q4,60,7201.333333333333,21882.266666666666,1531758.6666666667,5.64,10.64,1467.0,0.847,28.23,1.506524633048283,21882.266666666666,5.64,0.0,1.0,-28.23,13.512268467844507,0.27272727272727265,0.27272727272727265,0.5605633802816901,0.7500614268098335,0.16268782598993453,0.7025533418399398,0.5605633802816901,0.4005641748942172,0.36356623368401475,0.5580613788633498,0.0,0.0,0.4018946173505403,0.42110479147062324,0.3348368273180099,0.41149970441058176,0.9162907931704976,0.3770533905437973,40.2,42.1,37.7,52.3,38.6,36.4
05,Östergötland,One/two-dwelling buildings,SE,1.8042536034674095,0.4495564929303253,3.9336385381133043,132.8936439667437,2024Q4,60,7401.666666666667,23136.916666666668,1619584.1666666667,5.48,9.78,1926.0,0.961,15.48,1.4201041068406834,21882.266666666666,5.64,-0.15999999999999925,1.0573363819713986,-15.48,28.032031708931953,0.251948051948052,0.251948051948052,0.6413145539906103,0.7254321388340783,0.08464792437035137,0.3217324363953089,0.6413145539906103,1.0,0.8282855659492627,0.2795830308121057,0.0,0.0,0.4008439653894676,0.42115135002149856,0.16774981848726342,0.4109976577054831,0.9580625453781841,0.3937614620857868,40.1,42.1,39.4,43.2,38.6,45.5
05,Östergötland,Tenant-owned apartments,SE,3.906211025193329,-0.23257379746123297,3.6120478328887318,137.02518893759097,2024Q4,60,7401.666666666667,23136.916666666668,1619584.1666666667,5.48,9.78,1926.0,0.961,15.48,1.4787096493886585,21882.266666666666,5.64,-0.15999999999999925,1.0573363819713986,-15.48,23.90048673808468,0.251948051948052,0.251948051948052,0.6413145539906103,0.7254321388340783,0.41397223975548736,0.12261910144722328,0.6413145539906103,1.0,0.6960513973752998,0.4684313911680948,0.0,0.0,0.4008439653894676,0.4734131098118784,0.28105883470085685,0.437128537600673,0.9297352913247858,0.4064138282525393,40.1,47.3,40.6,43.2,45.5,50.0
12,Skåne,One/two-dwelling buildings,SE,3.9065386036202465,1.4388267749733785,5.141002721645327,136.37575757575758,2024Q4,60,8901.666666666666,32582.916666666668,2280804.166666667,4.68,10.03,5161.0,0.836,20.8,1.338455402137672,21882.266666666666,5.64,-0.96,1.4890101269216474,-20.8,24.549918099918074,0.14805194805194802,0.14805194805194802,0.6178403755868545,0.540003330625428,0.4140235631267719,0.6104997112066304,0.6178403755868545,0.7498824635637047,0.7168370881480869,0.0164812261366907,0.0,0.0,0.30080234094495134,0.5677732051845779,0.009888735682014418,0.4342877730647646,0.9975278160794964,0.4332141338153226,30.1,56.8,43.3,34.1,54.5,59.1
12,Skåne,Tenant-owned apartments,SE,2.050473186119839,-0.07936161351316251,3.5287752203297496,137.24242424242422,2024Q4,60,8901.666666666666,32582.916666666668,2280804.166666667,4.68,10.03,5161.0,0.836,20.8,1.4434998521300326,21882.266666666666,5.64,-0.96,1.4890101269216474,-20.8,23.683251433251428,0.14805194805194802,0.14805194805194802,0.6178403755868545,0.540003330625428,0.12322439345260582,0.16734162635235306,0.6178403755868545,0.7498824635637047,0.6890985673511246,0.3549726261491531,0.0,0.0,0.30080234094495134,0.3524301225053541,0.21298357568949186,0.32661623172515275,0.946754106077627,0.3092252584973901,30.1,35.2,30.9,34.1,22.7,27.3
14,Västra Götaland,One/two-dwelling buildings,SE,4.709406331904975,2.02626305866358,5.60513230312758,143.82285714285715,2024Q4,60,9802.0,40658.61666666667,2846103.166666667,4.13,11.11,6754.0,1.05,16.13,1.4271077922245146,21882.266666666666,5.64,-1.5099999999999998,1.858062388418019,-16.13,17.102818532818503,0.07662337662337661,0.07662337662337661,0.516431924882629,0.38147406676235407,0.5398129165310313,0.7819719345672502,0.516431924882629,0.9694405265632347,0.4784853271261121,0.3021514508570698,0.050000000000000044,0.5681818181818182,0.2103126897960737,0.632506474773134,0.40856359778696916,0.4214095822846039,0.8978591005532577,0.37836642851457847,21.0,63.3,37.8,25.0,86.4,40.9
14,Västra Götaland,Tenant-owned apartments,SE,2.2709806332615656,-0.44685012464934504,4.000560948697229,152.08571428571426,2024Q4,60,9802.0,40658.61666666667,2846103.166666667,4.13,11.11,6754.0,1.05,16.13,1.4880214911245733,21882.266666666666,5.64,-1.5099999999999998,1.858062388418019,-16.13,8.839961389961388,0.07662337662337661,0.07662337662337661,0.516431924882629,0.38147406676235407,0.15777241203599185,0.060071997605285234,0.516431924882629,0.9694405265632347,0.2140244409344096,0.49843752996089646,0.050000000000000044,0.5681818181818182,0.2103126897960737,0.2918712253402087,0.5263352452492651,0.2510919575681412,0.8684161886876838,0.21805232080145479,21.0,29.2,21.8,25.0,13.6,9.1
18,Örebro,One/two-dwelling buildings,SE,5.971207329043504,2.3498660165755414,5.29382506659124,138.80714285714285,2024Q4,60,6801.333333333333,17035.166666666668,1192461.6666666667,6.84,10.89,1622.0,0.887,19.2,1.45071862373176,21882.266666666666,5.64,1.2000000000000002,0.7784918686059337,-19.2,22.1185328185328,0.42857142857142855,0.42857142857142855,0.5370892018779341,0.8452119642085364,0.7375056696000855,0.8764314022914137,0.5370892018779341,0.8251057827926658,0.639018206002162,0.37823413216890567,0.0,0.0,0.5127710635782958,0.731065074187953,0.2269404793013434,0.6219180688831244,0.9432648801746641,0.5866334727234989,51.3,73.1,58.7,61.4,100.0,81.8
18,Örebro,Tenant-owned apartments,SE,4.695535897963388,1.482183985301555,4.605868177534012,145.40714285714284,2024Q4,60,6801.333333333333,17035.166666666668,1192461.6666666667,6.84,10.89,1622.0,0.887,19.2,1.410273085941523,21882.266666666666,5.64,1.2000000000000002,0.7784918686059337,-19.2,15.518532818532805,0.42857142857142855,0.42857142857142855,0.5370892018779341,0.8452119642085364,0.5376397653935752,0.6231556493229883,0.5370892018779341,0.8251057827926658,0.4277787014714447,0.2479039080412155,0.0,0.0,0.5127710635782958,0.5766691190204963,0.1487423448247293,0.5447200912993961,0.9628144137938177,0.524464355386143,51.3,57.7,52.4,61.4,59.1,72.7
19,Västmanland,One/two-dwelling buildings,SE,3.231546320743872,0.2964388949913799,3.6853801322023427,133.22222222222223,2024Q4,60,6601.333333333333,15898.116666666667,1112868.1666666667,7.12,10.65,1326.0,0.853,36.75,1.3714922848825828,21882.266666666666,5.64,1.4800000000000004,0.7265297013715825,-36.75,27.70345345345342,0.4649350649350649,0.4649350649350649,0.5596244131455398,0.8675327165241882,0.30826910342606667,0.27703752107735274,0.5596244131455398,0.0,0.8177690950573153,0.12293807076946929,0.0,0.0,0.5442625823155284,0.37085535860330104,0.07376284246168158,0.45755897045941474,0.9815592893845796,0.44912125789568297,54.4,37.1,44.9,70.5,27.3,63.6
19,Västmanland,Tenant-owned apartments,SE,2.8346012961397715,-0.652647135590767,3.6424903652875873,135.17037037037036,2024Q4,60,6601.333333333333,15898.116666666667,1112868.1666666667,7.12,10.65,1326.0,0.853,36.75,1.585426667437711,21882.266666666666,5.64,1.4800000000000004,0.7265297013715825,-36.75,25.755305305305285,0.4649350649350649,0.4649350649350649,0.5596244131455398,0.8675327165241882,0.24607771594974753,0.0,0.5596244131455398,0.0,0.7554166936077324,0.8123124134134975,0.0,0.0,0.5442625823155284,0.27359375257229285,0.48738744804809847,0.4089281674439106,0.8781531379879753,0.3591015534525423,54.4,27.4,35.9,70.5,4.5,31.8
22,Västernorrland,One/two-dwelling buildings,SE,6.233177503895715,-0.3070349772829828,3.554037282107547,130.41880890009674,2024Q4,60,6201.333333333333,11036.683333333332,772567.8333333333,9.63,7.05,787.0,0.957,25.61,1.4569709113724751,21882.266666666666,5.64,3.990000000000001,0.504366549473851,-25.61,30.506866775578914,0.790909090909091,0.790909090909091,0.8976525821596244,0.9629646230651373,0.7785498637368485,0.10088393728970269,0.8976525821596244,0.5237423601316409,0.9074951012937701,0.39838127556334685,0.0,0.0,0.8380661189826046,0.6203676992047886,0.2390287653380081,0.7292169090936966,0.9402428086654979,0.6856409547326304,83.8,62.0,68.6,88.6,81.8,95.5
22,Västernorrland,Tenant-owned apartments,SE,1.2639766650461626,-0.4951360534886762,3.7910770504902436,144.90592289046617,2024Q4,60,6201.333333333333,11036.683333333332,772567.8333333333,9.63,7.05,787.0,0.957,25.61,1.5398697975386415,21882.266666666666,5.64,3.990000000000001,0.504366549473851,-25.61,16.019752785209477,0.790909090909091,0.790909090909091,0.8976525821596244,0.9629646230651373,0.0,0.045977370145263916,0.8976525821596244,0.5237423601316409,0.44382074047473,0.6655116193359127,0.0,0.0,0.8380661189826046,0.28778116902887796,0.39930697160154766,0.5629236440057412,0.900173257099613,0.5067288101230312,83.8,28.8,50.7,88.6,9.1,68.2
24,Västerbotten,One/two-dwelling buildings,SE,3.4094243295581528,2.2729617135704316,5.69543960838419,140.97459025409748,2024Q4,60,6501.0,14330.966666666667,1003167.6666666667,7.78,7.86,1016.0,0.952,26.98,1.5023393287346976,21882.266666666666,5.64,2.1400000000000006,0.6549123491167886,-26.98,19.95108542157817,0.5506493506493506,0.5506493506493506,0.8215962441314554,0.8982965061477521,0.3361381519944884,0.8539830922560747,0.8215962441314554,0.459332393041843,0.5696469159674515,0.5445748070674405,0.0,0.0,0.6569858026705317,0.5983613059893101,0.32674488424046433,0.627673554329921,0.9183137789398839,0.5764012736173383,65.7,59.8,57.6,79.5,72.7,77.3
24,Västerbotten,Tenant-owned apartments,SE,7.359732163472632,1.3928287682278828,5.43596576255212,148.79051209487906,2024Q4,60,6501.0,14330.966666666667,1003167.6666666667,7.78,7.86,1016.0,0.952,26.98,1.5268508957800215,21882.266666666666,5.64,2.1400000000000006,0.6549123491167886,-26.98,12.135163580796586,0.5506493506493506,0.5506493506493506,0.8215962441314554,0.8982965061477521,0.9550528880961494,0.5970729265394331,0.8215962441314554,0.459332393041843,0.3194906345890402,0.6235599856872958,0.0,0.0,0.6569858026705317,0.7257382940578899,0.37413599141237747,0.6913620483642109,0.9064660021469056,0.6266961920168018,65.7,72.6,62.7,79.5,95.5,90.9
25,Norrbotten,One/two-dwelling buildings,SE,2.8368284975581526,-0.6366378813624674,3.8297166943975336,130.17272727272726,2024Q4,60,6001.333333333333,9150.05,640503.5,11.24,5.96,638.0,0.87,35.41,1.6436719856426842,21882.266666666666,5.64,5.6000000000000005,0.4181490948530621,-35.41,30.75294840294839,1.0,1.0,1.0,1.0,0.24642666287643214,0.004673089649191073,1.0,0.06299952985425498,0.9153711862997763,1.0,0.0,0.0,1.0,0.3852546760344522,0.6,0.6926273380172261,0.85,0.5887332373146421,100.0,38.5,58.9,97.7,31.8,86.4
25,Norrbotten,Tenant-owned apartments,SE,4.00786088613625,2.773192176323769,5.4859077250619,158.77272727272728,2024Q4,60,6001.333333333333,9150.05,640503.5,11.24,5.96,638.0,0.87,35.41,1.3333407630813632,21882.266666666666,5.64,5.6000000000000005,0.4181490948530621,-35.41,2.1529484029483683,1.0,1.0,1.0,1.0,0.4298982383118875,1.0,1.0,0.06299952985425498,0.0,0.0,0.0,0.0,1.0,0.6067643363945862,0.0,0.803382168197293,1.0,0.803382168197293,100.0,60.7,80.3,97.7,77.3,100.0
